20/5/2022 16:46:54,0.01
20/5/2022 16:46:55,0.01
20/5/2022 16:46:56,0.01
20/5/2022 16:46:57,0.01
20/5/2022 16:46:57,0.01
20/5/2022 16:46:58,0.01
20/5/2022 16:46:59,0.01
20/5/2022 16:46:59,0.01
20/5/2022 16:47:0,0.01
20/5/2022 16:47:1,0.01
20/5/2022 16:47:1,0.01
20/5/2022 16:47:2,0.01
20/5/2022 16:47:3,0.01
20/5/2022 16:47:3,0.01
20/5/2022 16:47:4,0.01
20/5/2022 16:47:5,0.01
20/5/2022 16:47:5,0.01
20/5/2022 16:47:6,0.01
20/5/2022 16:47:7,0.01
20/5/2022 16:47:8,0.01
20/5/2022 16:47:8,0.01
20/5/2022 16:47:9,0.01
20/5/2022 16:47:10,0.01
20/5/2022 16:47:10,0.01
20/5/2022 16:47:11,0.01
20/5/2022 16:47:12,0.01
20/5/2022 16:47:12,0.01
20/5/2022 16:47:13,0.01
20/5/2022 16:47:14,0.01
20/5/2022 16:47:14,0.01
20/5/2022 16:47:15,0.01
20/5/2022 16:47:16,0.01
20/5/2022 16:47:16,0.01
20/5/2022 16:47:17,0.01
20/5/2022 16:47:18,0.01
20/5/2022 16:47:19,0.01
20/5/2022 16:47:19,0.01
20/5/2022 16:47:20,0.01
20/5/2022 16:47:21,0.01
20/5/2022 16:47:21,56.89
20/5/2022 16:47:22,0.01
20/5/2022 16:47:23,13321.71
20/5/2022 16:47:23,0.01
20/5/2022 16:47:24,0.01
20/5/2022 16:47:25,13321.71
20/5/2022 16:47:25,0.01
20/5/2022 16:47:26,0.01
20/5/2022 16:47:27,0.01
20/5/2022 16:47:27,13321.71
20/5/2022 16:47:28,13321.71
20/5/2022 16:47:29,13321.71
20/5/2022 16:47:30,13321.71
20/5/2022 16:47:30,13321.71
20/5/2022 16:47:31,13022.28
20/5/2022 16:47:32,13321.71
20/5/2022 16:47:32,13321.71
20/5/2022 16:47:33,13321.71
20/5/2022 16:47:34,12163.77
20/5/2022 16:47:34,13022.28
20/5/2022 16:47:35,13022.28
20/5/2022 16:47:36,13022.28
20/5/2022 16:47:36,11890.37
20/5/2022 16:47:37,13022.28
20/5/2022 16:47:38,13022.28
20/5/2022 16:47:38,13022.28
20/5/2022 16:47:39,13022.28
20/5/2022 16:47:40,13321.71
20/5/2022 16:47:41,13321.71
20/5/2022 16:47:41,13321.71
20/5/2022 16:47:42,13022.28
20/5/2022 16:47:43,13321.71
20/5/2022 16:47:43,12443.46
20/5/2022 16:47:44,13022.28
20/5/2022 16:47:45,13321.71
20/5/2022 16:47:45,12729.58
20/5/2022 16:47:46,13022.28
20/5/2022 16:47:47,13022.28
20/5/2022 16:47:47,13022.28
20/5/2022 16:47:48,13022.28
20/5/2022 16:47:49,13022.28
20/5/2022 16:47:49,13022.28
20/5/2022 16:47:50,12163.77
20/5/2022 16:47:51,13022.28
20/5/2022 16:47:52,13022.28
20/5/2022 16:47:52,13022.28
20/5/2022 16:47:53,13022.28
20/5/2022 16:47:54,13022.28
20/5/2022 16:47:54,13022.28
20/5/2022 16:47:55,13022.28
20/5/2022 16:47:56,13022.28
20/5/2022 16:47:56,13022.28
20/5/2022 16:47:57,12729.58
20/5/2022 16:47:58,12729.58
20/5/2022 16:47:58,12443.46
20/5/2022 16:47:59,13022.28
20/5/2022 16:48:0,13022.28
20/5/2022 16:48:0,12163.77
20/5/2022 16:48:1,11890.37
20/5/2022 16:48:2,12443.46
20/5/2022 16:48:2,13022.28
20/5/2022 16:48:3,13022.28
20/5/2022 16:48:4,13022.28
20/5/2022 16:48:5,11890.37
20/5/2022 16:48:5,13022.28
20/5/2022 16:48:6,12729.58
20/5/2022 16:48:7,13022.28
20/5/2022 16:48:7,13022.28
20/5/2022 16:48:8,13022.28
20/5/2022 16:48:9,13022.28
20/5/2022 16:48:9,13022.28
20/5/2022 16:48:10,13022.28
20/5/2022 16:48:11,13022.28
20/5/2022 16:48:11,13022.28
20/5/2022 16:48:12,13022.28
20/5/2022 16:48:13,12729.58
20/5/2022 16:48:13,13321.71
20/5/2022 16:48:14,13022.28
20/5/2022 16:48:15,13022.28
20/5/2022 16:48:16,13022.28
20/5/2022 16:48:16,13022.28
20/5/2022 16:48:17,13022.28
20/5/2022 16:48:18,11890.37
20/5/2022 16:48:18,12443.46
20/5/2022 16:48:19,13321.71
20/5/2022 16:48:20,12443.46
20/5/2022 16:48:20,11890.37
20/5/2022 16:48:21,13022.28
20/5/2022 16:48:22,13022.28
20/5/2022 16:48:22,13022.28
20/5/2022 16:48:23,11890.37
20/5/2022 16:48:24,12443.46
20/5/2022 16:48:24,13022.28
20/5/2022 16:48:25,13321.71
20/5/2022 16:48:26,13022.28
20/5/2022 16:48:27,13022.28
20/5/2022 16:48:27,11623.11
20/5/2022 16:48:28,13022.28
20/5/2022 16:48:29,12729.58
20/5/2022 16:48:29,13022.28
20/5/2022 16:48:30,13321.71
20/5/2022 16:48:31,13321.71
20/5/2022 16:48:31,13022.28
20/5/2022 16:48:32,13321.71
20/5/2022 16:48:33,13022.28
20/5/2022 16:48:33,13022.28
20/5/2022 16:48:34,13022.28
20/5/2022 16:48:35,13022.28
20/5/2022 16:48:35,5023.45
20/5/2022 16:48:36,3131.29
20/5/2022 16:48:36,2390.13
20/5/2022 16:48:37,1951.84
20/5/2022 16:48:37,1667.32
20/5/2022 16:48:38,1424.27
20/5/2022 16:48:38,1331.27
20/5/2022 16:48:38,1163.10
20/5/2022 16:48:39,1062.96
20/5/2022 16:48:39,971.44
20/5/2022 16:48:40,908.01
20/5/2022 16:48:40,829.83
20/5/2022 16:48:41,793.30
20/5/2022 16:48:41,758.38
20/5/2022 16:48:42,677.66
20/5/2022 16:48:42,647.83
20/5/2022 16:48:42,565.99
20/5/2022 16:48:43,578.88
20/5/2022 16:48:43,553.40
20/5/2022 16:48:44,529.04
20/5/2022 16:48:44,462.20
20/5/2022 16:48:45,494.49
20/5/2022 16:48:45,462.20
20/5/2022 16:48:46,451.92
20/5/2022 16:48:46,441.86
20/5/2022 16:48:46,377.45
20/5/2022 16:48:47,413.01
20/5/2022 16:48:47,403.82
20/5/2022 16:48:48,394.83
20/5/2022 16:48:48,369.05
20/5/2022 16:48:49,344.95
20/5/2022 16:48:49,337.27
20/5/2022 16:48:50,337.27
20/5/2022 16:48:50,344.95
20/5/2022 16:48:50,322.43
20/5/2022 16:48:51,329.77
20/5/2022 16:48:51,322.43
20/5/2022 16:48:52,315.25
20/5/2022 16:48:52,301.37
20/5/2022 16:48:53,315.25
20/5/2022 16:48:53,301.37
20/5/2022 16:48:54,301.37
20/5/2022 16:48:54,288.11
20/5/2022 16:48:54,288.11
20/5/2022 16:48:55,294.67
20/5/2022 16:48:55,281.70
20/5/2022 16:48:56,288.11
20/5/2022 16:48:56,288.11
20/5/2022 16:48:57,257.44
20/5/2022 16:48:57,257.44
20/5/2022 16:48:57,275.43
20/5/2022 16:48:58,281.70
20/5/2022 16:48:58,246.11
20/5/2022 16:48:59,281.70
20/5/2022 16:48:59,275.43
20/5/2022 16:49:0,275.43
20/5/2022 16:49:0,257.44
20/5/2022 16:49:1,269.30
20/5/2022 16:49:1,275.43
20/5/2022 16:49:1,269.30
20/5/2022 16:49:2,269.30
20/5/2022 16:49:2,269.30
20/5/2022 16:49:3,269.30
20/5/2022 16:49:3,269.30
20/5/2022 16:49:4,269.30
20/5/2022 16:49:4,269.30
20/5/2022 16:49:5,269.30
20/5/2022 16:49:5,257.44
20/5/2022 16:49:5,263.30
20/5/2022 16:49:6,240.63
20/5/2022 16:49:6,263.30
20/5/2022 16:49:7,257.44
20/5/2022 16:49:7,240.63
20/5/2022 16:49:8,246.11
20/5/2022 16:49:8,263.30
20/5/2022 16:49:9,240.63
20/5/2022 16:49:9,263.30
20/5/2022 16:49:9,263.30
20/5/2022 16:49:10,240.63
20/5/2022 16:49:10,257.44
20/5/2022 16:49:11,257.44
20/5/2022 16:49:11,246.11
20/5/2022 16:49:12,257.44
20/5/2022 16:49:12,263.30
20/5/2022 16:49:13,269.30
20/5/2022 16:49:13,269.30
20/5/2022 16:49:13,246.11
20/5/2022 16:49:14,251.71
20/5/2022 16:49:14,257.44
20/5/2022 16:49:15,269.30
20/5/2022 16:49:15,269.30
20/5/2022 16:49:16,269.30
20/5/2022 16:49:16,275.43
20/5/2022 16:49:17,269.30
20/5/2022 16:49:17,269.30
20/5/2022 16:49:17,269.30
20/5/2022 16:49:18,299.08
20/5/2022 16:49:18,8264.73
20/5/2022 16:49:19,12163.77
20/5/2022 16:49:20,12443.46
20/5/2022 16:49:21,11623.11
20/5/2022 16:49:21,12729.58
20/5/2022 16:49:22,12729.58
20/5/2022 16:49:23,12729.58
20/5/2022 16:49:23,13022.28
20/5/2022 16:49:24,13022.28
20/5/2022 16:49:25,13022.28
20/5/2022 16:49:25,11890.37
20/5/2022 16:49:26,13022.28
20/5/2022 16:49:27,13022.28
20/5/2022 16:49:27,13321.71
20/5/2022 16:49:28,13321.71
20/5/2022 16:49:29,13022.28
20/5/2022 16:49:29,13022.28
20/5/2022 16:49:30,13022.28
20/5/2022 16:49:31,13321.71
20/5/2022 16:49:32,12443.46
20/5/2022 16:49:32,13022.28
20/5/2022 16:49:33,13022.28
20/5/2022 16:49:34,13321.71
20/5/2022 16:49:34,12163.77
20/5/2022 16:49:35,13022.28
20/5/2022 16:49:36,13022.28
20/5/2022 16:49:36,13022.28
20/5/2022 16:49:37,11890.37
20/5/2022 16:49:38,13022.28
20/5/2022 16:49:38,13022.28
20/5/2022 16:49:39,13022.28
20/5/2022 16:49:40,12443.46
20/5/2022 16:49:40,13022.28
20/5/2022 16:49:41,13022.28
20/5/2022 16:49:42,12729.58
20/5/2022 16:49:43,13022.28
20/5/2022 16:49:43,12443.46
20/5/2022 16:49:44,13022.28
20/5/2022 16:49:45,13022.28
20/5/2022 16:49:45,13022.28
20/5/2022 16:49:46,13022.28
20/5/2022 16:49:47,12729.58
20/5/2022 16:49:47,11890.37
20/5/2022 16:49:48,13022.28
20/5/2022 16:49:49,13022.28
20/5/2022 16:49:49,11890.37
20/5/2022 16:49:50,13022.28
20/5/2022 16:49:51,13022.28
20/5/2022 16:49:51,13022.28
20/5/2022 16:49:52,13022.28
20/5/2022 16:49:53,13022.28
20/5/2022 16:49:54,13022.28
20/5/2022 16:49:54,13022.28
20/5/2022 16:49:55,13022.28
20/5/2022 16:49:56,12729.58
20/5/2022 16:49:56,12163.77
20/5/2022 16:49:57,13022.28
20/5/2022 16:49:58,12729.58
20/5/2022 16:49:58,13022.28
20/5/2022 16:49:59,13022.28
20/5/2022 16:50:0,13022.28
20/5/2022 16:50:0,13022.28
20/5/2022 16:50:1,13022.28
20/5/2022 16:50:2,12443.46
20/5/2022 16:50:2,12443.46
20/5/2022 16:50:3,12443.46
20/5/2022 16:50:4,13022.28
20/5/2022 16:50:5,12163.77
20/5/2022 16:50:5,12729.58
20/5/2022 16:50:6,13022.28
20/5/2022 16:50:7,13022.28
20/5/2022 16:50:7,12443.46
20/5/2022 16:50:8,13022.28
20/5/2022 16:50:9,13022.28
20/5/2022 16:50:9,13022.28
20/5/2022 16:50:10,13022.28
20/5/2022 16:50:11,12729.58
20/5/2022 16:50:11,13022.28
20/5/2022 16:50:12,12443.46
20/5/2022 16:50:13,11890.37
20/5/2022 16:50:13,13022.28
20/5/2022 16:50:14,13022.28
20/5/2022 16:50:15,13022.28
20/5/2022 16:50:16,13022.28
20/5/2022 16:50:16,12729.58
20/5/2022 16:50:17,13022.28
20/5/2022 16:50:18,13022.28
20/5/2022 16:50:18,13022.28
20/5/2022 16:50:19,12729.58
20/5/2022 16:50:20,12443.46
20/5/2022 16:50:20,13022.28
20/5/2022 16:50:21,13022.28
20/5/2022 16:50:22,13022.28
20/5/2022 16:50:22,13022.28
20/5/2022 16:50:23,12163.77
20/5/2022 16:50:24,12443.46
20/5/2022 16:50:24,13022.28
20/5/2022 16:50:25,13022.28
20/5/2022 16:50:26,12443.46
20/5/2022 16:50:27,12443.46
20/5/2022 16:50:27,13022.28
20/5/2022 16:50:28,12443.46
20/5/2022 16:50:29,13022.28
20/5/2022 16:50:29,13022.28
20/5/2022 16:50:30,13022.28
20/5/2022 16:50:31,12443.46
20/5/2022 16:50:31,13022.28
20/5/2022 16:50:32,13022.28
20/5/2022 16:50:33,13022.28
20/5/2022 16:50:33,13022.28
20/5/2022 16:50:34,13022.28
20/5/2022 16:50:35,13022.28
20/5/2022 16:50:35,13022.28
20/5/2022 16:50:36,12729.58
20/5/2022 16:50:37,12163.77
20/5/2022 16:50:38,12729.58
20/5/2022 16:50:38,13022.28
20/5/2022 16:50:39,12443.46
20/5/2022 16:50:40,11890.37
20/5/2022 16:50:40,13022.28
20/5/2022 16:50:41,13022.28
20/5/2022 16:50:42,13022.28
20/5/2022 16:50:42,12729.58
20/5/2022 16:50:43,13321.71
20/5/2022 16:50:44,13022.28
20/5/2022 16:50:44,13022.28
20/5/2022 16:50:45,12443.46
20/5/2022 16:50:46,12729.58
20/5/2022 16:50:46,13022.28
20/5/2022 16:50:47,13022.28
20/5/2022 16:50:48,13022.28
20/5/2022 16:50:49,13022.28
20/5/2022 16:50:49,12729.58
20/5/2022 16:50:50,13022.28
20/5/2022 16:50:51,13022.28
20/5/2022 16:50:51,12729.58
20/5/2022 16:50:52,11890.37
20/5/2022 16:50:53,13022.28
20/5/2022 16:50:53,13022.28
20/5/2022 16:50:54,12729.58
20/5/2022 16:50:55,13022.28
20/5/2022 16:50:55,13022.28
20/5/2022 16:50:56,12163.77
20/5/2022 16:50:57,13022.28
20/5/2022 16:50:57,13022.28
20/5/2022 16:50:58,13321.71
20/5/2022 16:50:59,12443.46
20/5/2022 16:50:59,5023.45
20/5/2022 16:51:0,2735.72
20/5/2022 16:51:0,2336.93
20/5/2022 16:51:1,1951.84
20/5/2022 16:51:1,1667.32
20/5/2022 16:51:2,1456.69
20/5/2022 16:51:2,1301.64
20/5/2022 16:51:3,1163.10
20/5/2022 16:51:3,1062.96
20/5/2022 16:51:3,949.82
20/5/2022 16:51:4,887.80
20/5/2022 16:51:4,829.83
20/5/2022 16:51:5,775.64
20/5/2022 16:51:5,725.00
20/5/2022 16:51:6,605.53
20/5/2022 16:51:6,619.31
20/5/2022 16:51:6,565.99
20/5/2022 16:51:7,565.99
20/5/2022 16:51:7,529.04
20/5/2022 16:51:8,505.75
20/5/2022 16:51:8,494.49
20/5/2022 16:51:9,472.73
20/5/2022 16:51:9,441.86
20/5/2022 16:51:10,422.41
20/5/2022 16:51:10,422.41
20/5/2022 16:51:10,403.82
20/5/2022 16:51:11,386.04
20/5/2022 16:51:11,377.45
20/5/2022 16:51:12,360.83
20/5/2022 16:51:12,352.80
20/5/2022 16:51:13,344.95
20/5/2022 16:51:13,308.23
20/5/2022 16:51:14,322.43
20/5/2022 16:51:14,322.43
20/5/2022 16:51:14,308.23
20/5/2022 16:51:15,308.23
20/5/2022 16:51:15,294.67
20/5/2022 16:51:16,294.67
20/5/2022 16:51:16,275.43
20/5/2022 16:51:17,288.11
20/5/2022 16:51:17,281.70
20/5/2022 16:51:18,281.70
20/5/2022 16:51:18,281.70
20/5/2022 16:51:18,246.11
20/5/2022 16:51:19,269.30
20/5/2022 16:51:19,269.30
20/5/2022 16:51:20,251.71
20/5/2022 16:51:20,269.30
20/5/2022 16:51:21,263.30
20/5/2022 16:51:21,246.11
20/5/2022 16:51:22,257.44
20/5/2022 16:51:22,246.11
20/5/2022 16:51:22,230.04
20/5/2022 16:51:23,251.71
20/5/2022 16:51:23,251.71
20/5/2022 16:51:24,257.44
20/5/2022 16:51:24,257.44
20/5/2022 16:51:25,251.71
20/5/2022 16:51:25,246.11
20/5/2022 16:51:26,246.11
20/5/2022 16:51:26,235.28
20/5/2022 16:51:26,246.11
20/5/2022 16:51:27,246.11
20/5/2022 16:51:27,246.11
20/5/2022 16:51:28,246.11
20/5/2022 16:51:28,240.63
20/5/2022 16:51:29,240.63
20/5/2022 16:51:29,246.11
20/5/2022 16:51:30,240.63
20/5/2022 16:51:30,240.63
20/5/2022 16:51:30,240.63
20/5/2022 16:51:31,235.28
20/5/2022 16:51:31,224.92
20/5/2022 16:51:32,240.63
20/5/2022 16:51:32,240.63
20/5/2022 16:51:33,240.63
20/5/2022 16:51:33,240.63
20/5/2022 16:51:34,240.63
20/5/2022 16:51:34,230.04
20/5/2022 16:51:34,240.63
20/5/2022 16:51:35,219.91
20/5/2022 16:51:35,235.28
20/5/2022 16:51:36,240.63
20/5/2022 16:51:36,240.63
20/5/2022 16:51:37,235.28
20/5/2022 16:51:37,240.63
20/5/2022 16:51:38,240.63
20/5/2022 16:51:38,240.63
20/5/2022 16:51:38,215.02
20/5/2022 16:51:39,240.63
20/5/2022 16:51:39,240.63
20/5/2022 16:51:40,246.11
20/5/2022 16:51:40,219.91
20/5/2022 16:51:41,246.11
20/5/2022 16:51:41,219.91
20/5/2022 16:51:42,235.28
20/5/2022 16:51:42,246.11
20/5/2022 16:51:42,240.63
20/5/2022 16:51:43,246.11
20/5/2022 16:51:43,230.04
20/5/2022 16:51:44,246.11
20/5/2022 16:51:44,246.11
20/5/2022 16:51:45,246.11
20/5/2022 16:51:45,246.11
20/5/2022 16:51:46,246.11
20/5/2022 16:51:46,246.11
20/5/2022 16:51:46,246.11
20/5/2022 16:51:47,246.11
20/5/2022 16:51:47,246.11
20/5/2022 16:51:48,251.71
20/5/2022 16:51:48,251.71
20/5/2022 16:51:49,246.11
20/5/2022 16:51:49,251.71
20/5/2022 16:51:50,235.28
20/5/2022 16:51:50,251.71
20/5/2022 16:51:50,251.71
20/5/2022 16:51:51,246.11
20/5/2022 16:51:51,251.71
20/5/2022 16:51:52,251.71
20/5/2022 16:51:52,251.71
20/5/2022 16:51:53,246.11
20/5/2022 16:51:53,251.71
20/5/2022 16:51:54,251.71
20/5/2022 16:51:54,257.44
20/5/2022 16:51:54,251.71
20/5/2022 16:51:55,246.11
20/5/2022 16:51:55,257.44
20/5/2022 16:51:56,251.71
20/5/2022 16:51:56,257.44
20/5/2022 16:51:57,246.11
20/5/2022 16:51:57,246.11
20/5/2022 16:51:57,257.44
20/5/2022 16:51:58,246.11
20/5/2022 16:51:58,230.04
20/5/2022 16:51:59,257.44
20/5/2022 16:51:59,257.44
20/5/2022 16:52:0,257.44
20/5/2022 16:52:0,246.11
20/5/2022 16:52:1,251.71
20/5/2022 16:52:1,251.71
20/5/2022 16:52:1,257.44
20/5/2022 16:52:2,257.44
20/5/2022 16:52:2,251.71
20/5/2022 16:52:3,263.30
20/5/2022 16:52:3,235.28
20/5/2022 16:52:4,263.30
20/5/2022 16:52:4,251.71
20/5/2022 16:52:5,235.28
20/5/2022 16:52:5,257.44
20/5/2022 16:52:5,263.30
20/5/2022 16:52:6,263.30
20/5/2022 16:52:6,263.30
20/5/2022 16:52:7,263.30
20/5/2022 16:52:7,257.44
20/5/2022 16:52:8,269.30
20/5/2022 16:52:8,263.30
20/5/2022 16:52:9,246.11
20/5/2022 16:52:9,263.30
20/5/2022 16:52:9,257.44
20/5/2022 16:52:10,263.30
20/5/2022 16:52:10,263.30
20/5/2022 16:52:11,257.44
20/5/2022 16:52:11,269.30
20/5/2022 16:52:12,257.44
20/5/2022 16:52:12,257.44
20/5/2022 16:52:13,269.30
20/5/2022 16:52:13,269.30
20/5/2022 16:52:13,263.30
20/5/2022 16:52:14,269.30
20/5/2022 16:52:14,251.71
20/5/2022 16:52:15,246.11
20/5/2022 16:52:15,269.30
20/5/2022 16:52:16,269.30
20/5/2022 16:52:16,269.30
20/5/2022 16:52:17,263.30
20/5/2022 16:52:17,269.30
20/5/2022 16:52:17,275.43
20/5/2022 16:52:18,257.44
20/5/2022 16:52:18,263.30
20/5/2022 16:52:19,269.30
20/5/2022 16:52:19,275.43
20/5/2022 16:52:20,275.43
20/5/2022 16:52:20,269.30
20/5/2022 16:52:21,275.43
20/5/2022 16:52:21,269.30
20/5/2022 16:52:21,275.43
20/5/2022 16:52:22,269.30
20/5/2022 16:52:22,275.43
20/5/2022 16:52:23,275.43
20/5/2022 16:52:23,275.43
20/5/2022 16:52:24,263.30
20/5/2022 16:52:24,275.43
20/5/2022 16:52:25,275.43
20/5/2022 16:52:25,275.43
20/5/2022 16:52:25,275.43
20/5/2022 16:52:26,257.44
20/5/2022 16:52:26,246.11
20/5/2022 16:52:27,275.43
20/5/2022 16:52:27,269.30
20/5/2022 16:52:28,275.43
20/5/2022 16:52:28,275.43
20/5/2022 16:52:29,269.30
20/5/2022 16:52:29,281.70
20/5/2022 16:52:29,281.70
20/5/2022 16:52:30,281.70
20/5/2022 16:52:30,281.70
20/5/2022 16:52:31,251.71
20/5/2022 16:52:31,281.70
20/5/2022 16:52:32,281.70
20/5/2022 16:52:32,281.70
20/5/2022 16:52:33,275.43
20/5/2022 16:52:33,281.70
20/5/2022 16:52:33,275.43
20/5/2022 16:52:34,281.70
20/5/2022 16:52:34,281.70
20/5/2022 16:52:35,275.43
20/5/2022 16:52:35,281.70
20/5/2022 16:52:36,281.70
20/5/2022 16:52:36,281.70
20/5/2022 16:52:37,281.70
20/5/2022 16:52:37,275.43
20/5/2022 16:52:37,281.70
20/5/2022 16:52:38,281.70
20/5/2022 16:52:38,281.70
20/5/2022 16:52:39,275.43
20/5/2022 16:52:39,281.70
20/5/2022 16:52:40,275.43
20/5/2022 16:52:40,281.70
20/5/2022 16:52:41,281.70
20/5/2022 16:52:41,251.71
20/5/2022 16:52:41,281.70
20/5/2022 16:52:42,281.70
20/5/2022 16:52:42,281.70
20/5/2022 16:52:43,275.43
20/5/2022 16:52:43,281.70
20/5/2022 16:52:44,281.70
20/5/2022 16:52:44,288.11
20/5/2022 16:52:45,281.70
20/5/2022 16:52:45,275.43
20/5/2022 16:52:45,275.43
20/5/2022 16:52:46,281.70
20/5/2022 16:52:46,281.70
20/5/2022 16:52:47,275.43
20/5/2022 16:52:47,281.70
20/5/2022 16:52:48,281.70
20/5/2022 16:52:48,288.11
20/5/2022 16:52:49,281.70
20/5/2022 16:52:49,275.43
20/5/2022 16:52:49,269.30
20/5/2022 16:52:50,281.70
20/5/2022 16:52:50,275.43
20/5/2022 16:52:51,269.30
20/5/2022 16:52:52,275.43
20/5/2022 16:52:52,288.11
20/5/2022 16:52:53,281.70
20/5/2022 16:52:54,288.11
20/5/2022 16:52:54,281.70
20/5/2022 16:52:55,288.11
20/5/2022 16:52:56,288.11
20/5/2022 16:52:56,288.11
20/5/2022 16:52:57,281.70
20/5/2022 16:52:57,288.11
20/5/2022 16:52:58,275.43
20/5/2022 16:52:58,288.11
20/5/2022 16:52:59,320.18
20/5/2022 16:52:59,8649.17
20/5/2022 16:53:0,12163.77
20/5/2022 16:53:1,12443.46
20/5/2022 16:53:1,12443.46
20/5/2022 16:53:2,12729.58
20/5/2022 16:53:3,12443.46
20/5/2022 16:53:3,11361.86
20/5/2022 16:53:4,13022.28
20/5/2022 16:53:5,13022.28
20/5/2022 16:53:6,13022.28
20/5/2022 16:53:6,13022.28
20/5/2022 16:53:7,13022.28
20/5/2022 16:53:8,13022.28
20/5/2022 16:53:8,13022.28
20/5/2022 16:53:9,11890.37
20/5/2022 16:53:10,11890.37
20/5/2022 16:53:10,13022.28
20/5/2022 16:53:11,11890.37
20/5/2022 16:53:12,13022.28
20/5/2022 16:53:12,13022.28
20/5/2022 16:53:13,13022.28
20/5/2022 16:53:14,12729.58
20/5/2022 16:53:15,12729.58
20/5/2022 16:53:15,13022.28
20/5/2022 16:53:16,13022.28
20/5/2022 16:53:17,13022.28
20/5/2022 16:53:17,13022.28
20/5/2022 16:53:18,13022.28
20/5/2022 16:53:19,11623.11
20/5/2022 16:53:19,13321.71
20/5/2022 16:53:20,13321.71
20/5/2022 16:53:21,13022.28
20/5/2022 16:53:21,13022.28
20/5/2022 16:53:22,13022.28
20/5/2022 16:53:23,13022.28
20/5/2022 16:53:23,12729.58
20/5/2022 16:53:24,13022.28
20/5/2022 16:53:25,13022.28
20/5/2022 16:53:26,13022.28
20/5/2022 16:53:26,13022.28
20/5/2022 16:53:27,13022.28
20/5/2022 16:53:28,13321.71
20/5/2022 16:53:28,13321.71
20/5/2022 16:53:29,13321.71
20/5/2022 16:53:30,13022.28
20/5/2022 16:53:30,13022.28
20/5/2022 16:53:31,12729.58
20/5/2022 16:53:32,13022.28
20/5/2022 16:53:32,13022.28
20/5/2022 16:53:33,13022.28
20/5/2022 16:53:34,12163.77
20/5/2022 16:53:34,13022.28
20/5/2022 16:53:35,13022.28
20/5/2022 16:53:36,13022.28
20/5/2022 16:53:37,13022.28
20/5/2022 16:53:37,12729.58
20/5/2022 16:53:38,13022.28
20/5/2022 16:53:39,13022.28
20/5/2022 16:53:39,13321.71
20/5/2022 16:53:40,13321.71
20/5/2022 16:53:41,13321.71
20/5/2022 16:53:41,13022.28
20/5/2022 16:53:42,13022.28
20/5/2022 16:53:43,13022.28
20/5/2022 16:53:43,13321.71
20/5/2022 16:53:44,13022.28
20/5/2022 16:53:45,13022.28
20/5/2022 16:53:45,11295.57
20/5/2022 16:53:46,11295.57
20/5/2022 16:53:46,11295.57
20/5/2022 16:53:47,11295.57
20/5/2022 16:53:47,11295.57
20/5/2022 16:53:48,11295.57
20/5/2022 16:53:48,10093.28
20/5/2022 16:53:48,11295.57
20/5/2022 16:53:49,11295.57
20/5/2022 16:53:49,11044.16
20/5/2022 16:53:50,11044.16
20/5/2022 16:53:50,11295.57
20/5/2022 16:53:51,11295.57
20/5/2022 16:53:51,13022.28
20/5/2022 16:53:52,12729.58
20/5/2022 16:53:53,13022.28
20/5/2022 16:53:53,13022.28
20/5/2022 16:53:54,13022.28
20/5/2022 16:53:55,13022.28
20/5/2022 16:53:55,13022.28
20/5/2022 16:53:56,12443.46
20/5/2022 16:53:57,13022.28
20/5/2022 16:53:57,11623.11
20/5/2022 16:53:58,12443.46
20/5/2022 16:53:59,11890.37
20/5/2022 16:53:59,12163.77
20/5/2022 16:54:0,12163.77
20/5/2022 16:54:1,13022.28
20/5/2022 16:54:1,4899.50
20/5/2022 16:54:2,2775.42
20/5/2022 16:54:3,1843.38
20/5/2022 16:54:4,1645.32
20/5/2022 16:54:4,1281.29
20/5/2022 16:54:5,1169.92
20/5/2022 16:54:6,932.03
20/5/2022 16:54:6,890.60
20/5/2022 16:54:7,831.89
20/5/2022 16:54:8,742.50
20/5/2022 16:54:8,662.73
20/5/2022 16:54:9,619.04
20/5/2022 16:54:10,578.23
20/5/2022 16:54:10,504.50
20/5/2022 16:54:11,460.65
20/5/2022 16:54:12,8264.73
20/5/2022 16:54:12,12163.77
20/5/2022 16:54:13,12443.46
20/5/2022 16:54:14,11890.37
20/5/2022 16:54:14,12443.46
20/5/2022 16:54:15,12729.58
20/5/2022 16:54:16,11623.11
20/5/2022 16:54:17,12443.46
20/5/2022 16:54:17,11890.37
20/5/2022 16:54:18,13022.28
20/5/2022 16:54:19,12443.46
20/5/2022 16:54:19,13022.28
20/5/2022 16:54:20,13022.28
20/5/2022 16:54:21,13022.28
20/5/2022 16:54:21,4789.37
20/5/2022 16:54:22,2713.04
20/5/2022 16:54:23,2018.87
20/5/2022 16:54:23,1645.32
20/5/2022 16:54:24,1371.73
20/5/2022 16:54:25,1169.92
20/5/2022 16:54:25,1020.75
20/5/2022 16:54:26,911.08
20/5/2022 16:54:27,831.89
20/5/2022 16:54:28,742.50
20/5/2022 16:54:28,662.73
20/5/2022 16:54:29,605.12
20/5/2022 16:54:30,552.52
20/5/2022 16:54:30,527.97
20/5/2022 16:54:31,493.16
20/5/2022 16:54:32,8649.17
20/5/2022 16:54:32,12163.77
20/5/2022 16:54:33,11890.37
20/5/2022 16:54:34,12443.46
20/5/2022 16:54:34,12443.46
20/5/2022 16:54:35,12729.58
20/5/2022 16:54:36,12729.58
20/5/2022 16:54:36,12729.58
20/5/2022 16:54:37,13022.28
20/5/2022 16:54:38,12163.77
20/5/2022 16:54:39,12729.58
20/5/2022 16:54:39,13022.28
20/5/2022 16:54:40,12443.46
20/5/2022 16:54:41,13022.28
20/5/2022 16:54:41,4681.72
20/5/2022 16:54:42,2775.42
20/5/2022 16:54:43,2018.87
20/5/2022 16:54:43,1536.85
20/5/2022 16:54:44,1310.76
20/5/2022 16:54:45,1196.82
20/5/2022 16:54:45,997.81
20/5/2022 16:54:46,911.08
20/5/2022 16:54:47,831.89
20/5/2022 16:54:47,725.82
20/5/2022 16:54:48,677.96
20/5/2022 16:54:49,605.12
20/5/2022 16:54:50,565.23
20/5/2022 16:54:50,516.10
20/5/2022 16:54:51,504.50
20/5/2022 16:54:52,8848.05
20/5/2022 16:54:52,12163.77
20/5/2022 16:54:53,12163.77
20/5/2022 16:54:54,11890.37
20/5/2022 16:54:54,12729.58
20/5/2022 16:54:55,12729.58
20/5/2022 16:54:56,12729.58
20/5/2022 16:54:56,13022.28
20/5/2022 16:54:57,13022.28
20/5/2022 16:54:58,12729.58
20/5/2022 16:54:58,12729.58
20/5/2022 16:54:59,11890.37
20/5/2022 16:55:0,13022.28
20/5/2022 16:55:1,12729.58
20/5/2022 16:55:1,4576.49
20/5/2022 16:55:2,2775.42
20/5/2022 16:55:3,2065.29
20/5/2022 16:55:3,1502.31
20/5/2022 16:55:4,1371.73
20/5/2022 16:55:5,1068.23
20/5/2022 16:55:5,953.46
20/5/2022 16:55:6,911.08
20/5/2022 16:55:7,831.89
20/5/2022 16:55:7,693.55
20/5/2022 16:55:8,591.52
20/5/2022 16:55:9,605.12
20/5/2022 16:55:9,552.52
20/5/2022 16:55:10,527.97
20/5/2022 16:55:11,504.50
20/5/2022 16:55:11,8078.97
20/5/2022 16:55:12,11361.86
20/5/2022 16:55:13,11890.37
20/5/2022 16:55:14,12443.46
20/5/2022 16:55:14,12443.46
20/5/2022 16:55:15,12729.58
20/5/2022 16:55:16,12729.58
20/5/2022 16:55:16,13022.28
20/5/2022 16:55:17,12729.58
20/5/2022 16:55:18,12729.58
20/5/2022 16:55:18,13022.28
20/5/2022 16:55:19,13022.28
20/5/2022 16:55:20,13022.28
20/5/2022 16:55:20,13022.28
20/5/2022 16:55:21,13022.28
20/5/2022 16:55:22,4899.50
20/5/2022 16:55:22,2775.42
20/5/2022 16:55:23,1843.38
20/5/2022 16:55:24,1608.34
20/5/2022 16:55:25,1371.73
20/5/2022 16:55:25,1068.23
20/5/2022 16:55:26,975.38
20/5/2022 16:55:27,851.01
20/5/2022 16:55:27,831.89
20/5/2022 16:55:28,725.82
20/5/2022 16:55:29,662.73
20/5/2022 16:55:29,605.12
20/5/2022 16:55:30,565.23
20/5/2022 16:55:31,527.97
20/5/2022 16:55:31,462.20
20/5/2022 16:55:32,432.02
20/5/2022 16:55:32,422.41
20/5/2022 16:55:33,413.01
20/5/2022 16:55:33,386.04
20/5/2022 16:55:33,377.45
20/5/2022 16:55:34,322.43
20/5/2022 16:55:34,337.27
20/5/2022 16:55:35,337.27
20/5/2022 16:55:35,329.77
20/5/2022 16:55:36,315.25
20/5/2022 16:55:36,315.25
20/5/2022 16:55:37,308.23
20/5/2022 16:55:37,294.67
20/5/2022 16:55:37,294.67
20/5/2022 16:55:38,294.67
20/5/2022 16:55:38,288.11
20/5/2022 16:55:39,281.70
20/5/2022 16:55:39,281.70
20/5/2022 16:55:40,269.30
20/5/2022 16:55:40,275.43
20/5/2022 16:55:41,263.30
20/5/2022 16:55:41,263.30
20/5/2022 16:55:41,263.30
20/5/2022 16:55:42,263.30
20/5/2022 16:55:42,257.44
20/5/2022 16:55:43,240.63
20/5/2022 16:55:43,251.71
20/5/2022 16:55:44,257.44
20/5/2022 16:55:44,251.71
20/5/2022 16:55:45,251.71
20/5/2022 16:55:45,240.63
20/5/2022 16:55:45,246.11
20/5/2022 16:55:46,230.04
20/5/2022 16:55:46,240.63
20/5/2022 16:55:47,240.63
20/5/2022 16:55:47,240.63
20/5/2022 16:55:48,235.28
20/5/2022 16:55:48,240.63
20/5/2022 16:55:49,240.63
20/5/2022 16:55:49,235.28
20/5/2022 16:55:49,230.04
20/5/2022 16:55:50,235.28
20/5/2022 16:55:50,235.28
20/5/2022 16:55:51,235.28
20/5/2022 16:55:51,235.28
20/5/2022 16:55:52,235.28
20/5/2022 16:55:52,235.28
20/5/2022 16:55:53,235.28
20/5/2022 16:55:53,235.28
20/5/2022 16:55:53,235.28
20/5/2022 16:55:54,215.02
20/5/2022 16:55:54,205.55
20/5/2022 16:55:55,230.04
20/5/2022 16:55:55,230.04
20/5/2022 16:55:56,210.23
20/5/2022 16:55:56,230.04
20/5/2022 16:55:57,230.04
20/5/2022 16:55:57,224.92
20/5/2022 16:55:57,235.28
20/5/2022 16:55:58,230.04
20/5/2022 16:55:58,230.04
20/5/2022 16:55:59,215.02
20/5/2022 16:55:59,230.04
20/5/2022 16:56:0,219.91
20/5/2022 16:56:0,230.04
20/5/2022 16:56:1,219.91
20/5/2022 16:56:1,230.04
20/5/2022 16:56:1,230.04
20/5/2022 16:56:2,230.04
20/5/2022 16:56:2,230.04
20/5/2022 16:56:3,230.04
20/5/2022 16:56:3,230.04
20/5/2022 16:56:4,219.91
20/5/2022 16:56:4,224.92
20/5/2022 16:56:5,224.92
20/5/2022 16:56:5,230.04
20/5/2022 16:56:5,205.55
20/5/2022 16:56:6,230.04
20/5/2022 16:56:6,235.28
20/5/2022 16:56:7,235.28
20/5/2022 16:56:7,235.28
20/5/2022 16:56:8,219.91
20/5/2022 16:56:8,210.23
20/5/2022 16:56:9,235.28
20/5/2022 16:56:9,230.04
20/5/2022 16:56:9,219.91
20/5/2022 16:56:10,224.92
20/5/2022 16:56:10,235.28
20/5/2022 16:56:11,230.04
20/5/2022 16:56:11,235.28
20/5/2022 16:56:12,224.92
20/5/2022 16:56:12,235.28
20/5/2022 16:56:13,235.28
20/5/2022 16:56:13,235.28
20/5/2022 16:56:13,240.63
20/5/2022 16:56:14,240.63
20/5/2022 16:56:14,215.02
20/5/2022 16:56:15,230.04
20/5/2022 16:56:15,235.28
20/5/2022 16:56:16,240.63
20/5/2022 16:56:16,215.02
20/5/2022 16:56:17,240.63
20/5/2022 16:56:17,240.63
20/5/2022 16:56:17,230.04
20/5/2022 16:56:18,240.63
20/5/2022 16:56:18,240.63
20/5/2022 16:56:19,240.63
20/5/2022 16:56:19,240.63
20/5/2022 16:56:20,240.63
20/5/2022 16:56:20,240.63
20/5/2022 16:56:21,240.63
20/5/2022 16:56:21,240.63
20/5/2022 16:56:21,246.11
20/5/2022 16:56:22,240.63
20/5/2022 16:56:22,246.11
20/5/2022 16:56:23,224.92
20/5/2022 16:56:23,240.63
20/5/2022 16:56:24,246.11
20/5/2022 16:56:24,246.11
20/5/2022 16:56:25,246.11
20/5/2022 16:56:25,246.11
20/5/2022 16:56:25,251.71
20/5/2022 16:56:26,246.11
20/5/2022 16:56:26,246.11
20/5/2022 16:56:27,246.11
20/5/2022 16:56:27,235.28
20/5/2022 16:56:28,251.71
20/5/2022 16:56:28,246.11
20/5/2022 16:56:29,240.63
20/5/2022 16:56:29,251.71
20/5/2022 16:56:29,240.63
20/5/2022 16:56:30,251.71
20/5/2022 16:56:30,251.71
20/5/2022 16:56:31,240.63
20/5/2022 16:56:31,251.71
20/5/2022 16:56:32,235.28
20/5/2022 16:56:32,246.11
20/5/2022 16:56:33,240.63
20/5/2022 16:56:33,235.28
20/5/2022 16:56:33,224.92
20/5/2022 16:56:34,235.28
20/5/2022 16:56:34,251.71
20/5/2022 16:56:35,257.44
20/5/2022 16:56:35,246.11
20/5/2022 16:56:36,251.71
20/5/2022 16:56:36,257.44
20/5/2022 16:56:37,257.44
20/5/2022 16:56:37,240.63
20/5/2022 16:56:37,257.44
20/5/2022 16:56:38,251.71
20/5/2022 16:56:38,257.44
20/5/2022 16:56:39,257.44
20/5/2022 16:56:39,246.11
20/5/2022 16:56:40,257.44
20/5/2022 16:56:40,257.44
20/5/2022 16:56:41,257.44
20/5/2022 16:56:41,257.44
20/5/2022 16:56:41,251.71
20/5/2022 16:56:42,257.44
20/5/2022 16:56:42,251.71
20/5/2022 16:56:43,257.44
20/5/2022 16:56:43,240.63
20/5/2022 16:56:44,224.92
20/5/2022 16:56:44,257.44
20/5/2022 16:56:45,257.44
20/5/2022 16:56:45,251.71
20/5/2022 16:56:45,257.44
20/5/2022 16:56:46,263.30
20/5/2022 16:56:46,263.30
20/5/2022 16:56:47,257.44
20/5/2022 16:56:47,257.44
20/5/2022 16:56:48,251.71
20/5/2022 16:56:48,257.44
20/5/2022 16:56:49,257.44
20/5/2022 16:56:49,257.44
20/5/2022 16:56:49,257.44
20/5/2022 16:56:50,257.44
20/5/2022 16:56:50,257.44
20/5/2022 16:56:51,263.30
20/5/2022 16:56:51,263.30
20/5/2022 16:56:52,263.30
20/5/2022 16:56:52,257.44
20/5/2022 16:56:53,257.44
20/5/2022 16:56:53,257.44
20/5/2022 16:56:53,257.44
20/5/2022 16:56:54,263.30
20/5/2022 16:56:54,251.71
20/5/2022 16:56:55,263.30
20/5/2022 16:56:55,263.30
20/5/2022 16:56:56,263.30
20/5/2022 16:56:56,263.30
20/5/2022 16:56:57,263.30
20/5/2022 16:56:57,263.30
20/5/2022 16:56:57,257.44
20/5/2022 16:56:58,246.11
20/5/2022 16:56:58,263.30
20/5/2022 16:56:59,269.30
20/5/2022 16:56:59,257.44
20/5/2022 16:57:0,269.30
20/5/2022 16:57:0,263.30
20/5/2022 16:57:1,240.63
20/5/2022 16:57:1,251.71
20/5/2022 16:57:1,251.71
20/5/2022 16:57:2,240.63
20/5/2022 16:57:2,263.30
20/5/2022 16:57:3,269.30
20/5/2022 16:57:3,263.30
20/5/2022 16:57:4,263.30
20/5/2022 16:57:4,269.30
20/5/2022 16:57:5,269.30
20/5/2022 16:57:5,257.44
20/5/2022 16:57:5,246.11
20/5/2022 16:57:6,263.30
20/5/2022 16:57:6,263.30
20/5/2022 16:57:7,257.44
20/5/2022 16:57:7,269.30
20/5/2022 16:57:8,263.30
20/5/2022 16:57:8,263.30
20/5/2022 16:57:9,269.30
20/5/2022 16:57:9,235.28
20/5/2022 16:57:9,269.30
20/5/2022 16:57:10,269.30
20/5/2022 16:57:10,269.30
20/5/2022 16:57:11,269.30
20/5/2022 16:57:11,246.11
20/5/2022 16:57:12,269.30
20/5/2022 16:57:12,269.30
20/5/2022 16:57:13,269.30
20/5/2022 16:57:13,269.30
20/5/2022 16:57:13,263.30
20/5/2022 16:57:14,269.30
20/5/2022 16:57:14,269.30
20/5/2022 16:57:15,269.30
20/5/2022 16:57:15,257.44
20/5/2022 16:57:16,269.30
20/5/2022 16:57:16,257.44
20/5/2022 16:57:17,269.30
20/5/2022 16:57:17,269.30
20/5/2022 16:57:17,269.30
20/5/2022 16:57:18,269.30
20/5/2022 16:57:18,269.30
20/5/2022 16:57:19,269.30
20/5/2022 16:57:19,269.30
20/5/2022 16:57:20,269.30
20/5/2022 16:57:20,275.43
20/5/2022 16:57:21,269.30
20/5/2022 16:57:21,263.30
20/5/2022 16:57:21,257.44
20/5/2022 16:57:22,275.43
20/5/2022 16:57:23,275.43
20/5/2022 16:57:24,275.43
20/5/2022 16:57:24,275.43
20/5/2022 16:57:25,275.43
20/5/2022 16:57:26,275.43
20/5/2022 16:57:27,269.30
20/5/2022 16:57:28,269.30
20/5/2022 16:57:29,263.30
20/5/2022 16:57:30,263.30
20/5/2022 16:57:30,257.44
20/5/2022 16:57:31,275.43
20/5/2022 16:57:32,251.71
20/5/2022 16:57:32,275.43
20/5/2022 16:57:33,275.43
20/5/2022 16:57:33,305.95
20/5/2022 16:57:34,305.95
20/5/2022 16:57:34,2775.42
20/5/2022 16:57:35,2971.30
20/5/2022 16:57:36,2971.30
20/5/2022 16:57:37,3039.63
20/5/2022 16:57:37,3039.63
20/5/2022 16:57:38,3109.52
20/5/2022 16:57:39,2904.52
20/5/2022 16:57:39,3039.63
20/5/2022 16:57:40,3109.52
20/5/2022 16:57:41,3181.02
20/5/2022 16:57:41,3109.52
20/5/2022 16:57:42,3181.02
20/5/2022 16:57:43,3109.52
20/5/2022 16:57:43,2065.29
20/5/2022 16:57:44,1281.29
20/5/2022 16:57:45,953.46
20/5/2022 16:57:45,794.91
20/5/2022 16:57:46,693.55
20/5/2022 16:57:47,619.04
20/5/2022 16:57:48,552.52
20/5/2022 16:57:48,527.97
20/5/2022 16:57:49,504.50
20/5/2022 16:57:49,482.07
20/5/2022 16:57:50,471.24
20/5/2022 16:57:51,2534.18
20/5/2022 16:57:51,2839.23
20/5/2022 16:57:52,2971.30
20/5/2022 16:57:53,3039.63
20/5/2022 16:57:53,3109.52
20/5/2022 16:57:54,3109.52
20/5/2022 16:57:55,3181.02
20/5/2022 16:57:56,3039.63
20/5/2022 16:57:56,3181.02
20/5/2022 16:57:57,3039.63
20/5/2022 16:57:58,3039.63
20/5/2022 16:57:58,3181.02
20/5/2022 16:57:59,3181.02
20/5/2022 16:58:0,3254.16
20/5/2022 16:58:0,3254.16
20/5/2022 16:58:1,3181.02
20/5/2022 16:58:2,3254.16
20/5/2022 16:58:2,3254.16
20/5/2022 16:58:3,2971.30
20/5/2022 16:58:4,3254.16
20/5/2022 16:58:4,3109.52
20/5/2022 16:58:5,3109.52
20/5/2022 16:58:6,3254.16
20/5/2022 16:58:7,3328.98
20/5/2022 16:58:7,3254.16
20/5/2022 16:58:8,3109.52
20/5/2022 16:58:9,3039.63
20/5/2022 16:58:9,3254.16
20/5/2022 16:58:10,3181.02
20/5/2022 16:58:11,2971.30
20/5/2022 16:58:11,3254.16
20/5/2022 16:58:12,3254.16
20/5/2022 16:58:13,3254.16
20/5/2022 16:58:13,3181.02
20/5/2022 16:58:14,3254.16
20/5/2022 16:58:15,3039.63
20/5/2022 16:58:16,3181.02
20/5/2022 16:58:16,3181.02
20/5/2022 16:58:17,3254.16
20/5/2022 16:58:18,3254.16
20/5/2022 16:58:18,3109.52
20/5/2022 16:58:19,3181.02
20/5/2022 16:58:20,3254.16
20/5/2022 16:58:20,3328.98
20/5/2022 16:58:21,3328.98
20/5/2022 16:58:22,3254.16
20/5/2022 16:58:22,3254.16
20/5/2022 16:58:23,3254.16
20/5/2022 16:58:24,3254.16
20/5/2022 16:58:25,3328.98
20/5/2022 16:58:25,2971.30
20/5/2022 16:58:26,3254.16
20/5/2022 16:58:27,3181.02
20/5/2022 16:58:27,3254.16
20/5/2022 16:58:28,3254.16
20/5/2022 16:58:29,3039.63
20/5/2022 16:58:29,3039.63
20/5/2022 16:58:30,3254.16
20/5/2022 16:58:31,3109.52
20/5/2022 16:58:31,3254.16
20/5/2022 16:58:32,3254.16
20/5/2022 16:58:33,3039.63
20/5/2022 16:58:33,3109.52
20/5/2022 16:58:34,3254.16
20/5/2022 16:58:35,3254.16
20/5/2022 16:58:36,3328.98
20/5/2022 16:58:36,3181.02
20/5/2022 16:58:37,2904.52
20/5/2022 16:58:38,3181.02
20/5/2022 16:58:38,3181.02
20/5/2022 16:58:39,3254.16
20/5/2022 16:58:40,3254.16
20/5/2022 16:58:40,3254.16
20/5/2022 16:58:41,3181.02
20/5/2022 16:58:42,3254.16
20/5/2022 16:58:42,3254.16
20/5/2022 16:58:43,3328.98
20/5/2022 16:58:44,3254.16
20/5/2022 16:58:45,3254.16
20/5/2022 16:58:45,3254.16
20/5/2022 16:58:46,3328.98
20/5/2022 16:58:47,3254.16
20/5/2022 16:58:47,2971.30
20/5/2022 16:58:48,3109.52
20/5/2022 16:58:49,3039.63
20/5/2022 16:58:49,3328.98
20/5/2022 16:58:50,3254.16
20/5/2022 16:58:51,3109.52
20/5/2022 16:58:51,3254.16
20/5/2022 16:58:52,3109.52
20/5/2022 16:58:53,3328.98
20/5/2022 16:58:54,3328.98
20/5/2022 16:58:54,3181.02
20/5/2022 16:58:55,3254.16
20/5/2022 16:58:56,3109.52
20/5/2022 16:58:56,3254.16
20/5/2022 16:58:57,3254.16
20/5/2022 16:58:58,3254.16
20/5/2022 16:58:58,3328.98
20/5/2022 16:58:59,3254.16
20/5/2022 16:59:0,3109.52
20/5/2022 16:59:0,3039.63
20/5/2022 16:59:1,3328.98
20/5/2022 16:59:2,3181.02
20/5/2022 16:59:2,3254.16
20/5/2022 16:59:3,3254.16
20/5/2022 16:59:4,3109.52
20/5/2022 16:59:5,3254.16
20/5/2022 16:59:5,3181.02
20/5/2022 16:59:6,3254.16
20/5/2022 16:59:7,3254.16
20/5/2022 16:59:7,3039.63
20/5/2022 16:59:8,3254.16
20/5/2022 16:59:9,3254.16
20/5/2022 16:59:9,3328.98
20/5/2022 16:59:10,3181.02
20/5/2022 16:59:11,3328.98
20/5/2022 16:59:11,3254.16
20/5/2022 16:59:12,2904.52
20/5/2022 16:59:13,3039.63
20/5/2022 16:59:14,3181.02
20/5/2022 16:59:14,3254.16
20/5/2022 16:59:15,3328.98
20/5/2022 16:59:16,3039.63
20/5/2022 16:59:16,3254.16
20/5/2022 16:59:17,3254.16
20/5/2022 16:59:18,3254.16
20/5/2022 16:59:18,3328.98
20/5/2022 16:59:19,3254.16
20/5/2022 16:59:20,3328.98
20/5/2022 16:59:20,3039.63
20/5/2022 16:59:21,3039.63
20/5/2022 16:59:22,3181.02
20/5/2022 16:59:23,3254.16
20/5/2022 16:59:23,3254.16
20/5/2022 16:59:24,3254.16
20/5/2022 16:59:25,3328.98
20/5/2022 16:59:25,3254.16
20/5/2022 16:59:26,3254.16
20/5/2022 16:59:27,3254.16
20/5/2022 16:59:27,3254.16
20/5/2022 16:59:28,3181.02
20/5/2022 16:59:29,3254.16
20/5/2022 16:59:29,3254.16
20/5/2022 16:59:30,2971.30
20/5/2022 16:59:31,2088.19
20/5/2022 16:59:31,1456.69
20/5/2022 16:59:32,1087.15
20/5/2022 16:59:32,848.72
20/5/2022 16:59:33,775.64
20/5/2022 16:59:33,677.66
20/5/2022 16:59:33,578.88
20/5/2022 16:59:34,565.99
20/5/2022 16:59:34,517.26
20/5/2022 16:59:35,483.49
20/5/2022 16:59:35,413.01
20/5/2022 16:59:36,422.41
20/5/2022 16:59:36,422.41
20/5/2022 16:59:37,403.82
20/5/2022 16:59:37,386.04
20/5/2022 16:59:37,360.83
20/5/2022 16:59:38,352.80
20/5/2022 16:59:38,344.95
20/5/2022 16:59:39,329.77
20/5/2022 16:59:39,322.43
20/5/2022 16:59:40,275.43
20/5/2022 16:59:40,308.23
20/5/2022 16:59:41,301.37
20/5/2022 16:59:41,257.44
20/5/2022 16:59:41,288.11
20/5/2022 16:59:42,281.70
20/5/2022 16:59:42,275.43
20/5/2022 16:59:43,275.43
20/5/2022 16:59:43,275.43
20/5/2022 16:59:44,269.30
20/5/2022 16:59:44,263.30
20/5/2022 16:59:45,263.30
20/5/2022 16:59:45,246.11
20/5/2022 16:59:45,263.30
20/5/2022 16:59:46,257.44
20/5/2022 16:59:46,257.44
20/5/2022 16:59:47,230.04
20/5/2022 16:59:47,251.71
20/5/2022 16:59:48,246.11
20/5/2022 16:59:48,230.04
20/5/2022 16:59:49,240.63
20/5/2022 16:59:49,246.11
20/5/2022 16:59:49,240.63
20/5/2022 16:59:50,235.28
20/5/2022 16:59:50,240.63
20/5/2022 16:59:51,230.04
20/5/2022 16:59:51,230.04
20/5/2022 16:59:52,224.92
20/5/2022 16:59:52,235.28
20/5/2022 16:59:53,235.28
20/5/2022 16:59:53,235.28
20/5/2022 16:59:53,235.28
20/5/2022 16:59:54,235.28
20/5/2022 16:59:54,230.04
20/5/2022 16:59:55,210.23
20/5/2022 16:59:55,230.04
20/5/2022 16:59:56,224.92
20/5/2022 16:59:56,224.92
20/5/2022 16:59:57,224.92
20/5/2022 16:59:57,224.92
20/5/2022 16:59:58,230.04
20/5/2022 16:59:58,200.98
20/5/2022 16:59:58,230.04
20/5/2022 16:59:59,230.04
20/5/2022 16:59:59,224.92
20/5/2022 17:0:0,224.92
20/5/2022 17:0:0,224.92
20/5/2022 17:0:1,224.92
20/5/2022 17:0:1,215.02
20/5/2022 17:0:2,224.92
20/5/2022 17:0:2,224.92
20/5/2022 17:0:2,224.92
20/5/2022 17:0:3,224.92
20/5/2022 17:0:3,219.91
20/5/2022 17:0:4,224.92
20/5/2022 17:0:4,224.92
20/5/2022 17:0:5,196.51
20/5/2022 17:0:5,224.92
20/5/2022 17:0:6,224.92
20/5/2022 17:0:6,224.92
20/5/2022 17:0:6,200.98
20/5/2022 17:0:7,219.91
20/5/2022 17:0:7,215.02
20/5/2022 17:0:8,230.04
20/5/2022 17:0:8,219.91
20/5/2022 17:0:9,219.91
20/5/2022 17:0:9,224.92
20/5/2022 17:0:10,230.04
20/5/2022 17:0:10,230.04
20/5/2022 17:0:10,219.91
20/5/2022 17:0:11,215.02
20/5/2022 17:0:11,230.04
20/5/2022 17:0:12,210.23
20/5/2022 17:0:12,230.04
20/5/2022 17:0:13,205.55
20/5/2022 17:0:13,230.04
20/5/2022 17:0:14,210.23
20/5/2022 17:0:14,224.92
20/5/2022 17:0:14,235.28
20/5/2022 17:0:15,235.28
20/5/2022 17:0:15,215.02
20/5/2022 17:0:16,235.28
20/5/2022 17:0:16,219.91
20/5/2022 17:0:17,210.23
20/5/2022 17:0:17,235.28
20/5/2022 17:0:18,210.23
20/5/2022 17:0:18,235.28
20/5/2022 17:0:18,235.28
20/5/2022 17:0:19,235.28
20/5/2022 17:0:19,235.28
20/5/2022 17:0:20,235.28
20/5/2022 17:0:20,240.63
20/5/2022 17:0:21,235.28
20/5/2022 17:0:22,235.28
20/5/2022 17:0:22,240.63
20/5/2022 17:0:23,215.02
20/5/2022 17:0:24,240.63
20/5/2022 17:0:25,240.63
20/5/2022 17:0:26,240.63
20/5/2022 17:0:26,224.92
20/5/2022 17:0:27,240.63
20/5/2022 17:0:27,235.28
20/5/2022 17:0:28,240.63
20/5/2022 17:0:28,240.63
20/5/2022 17:0:29,246.11
20/5/2022 17:0:29,246.11
20/5/2022 17:0:29,219.91
20/5/2022 17:0:30,246.11
20/5/2022 17:0:30,246.11
20/5/2022 17:0:31,246.11
20/5/2022 17:0:31,246.11
20/5/2022 17:0:32,246.11
20/5/2022 17:0:32,224.92
20/5/2022 17:0:33,246.11
20/5/2022 17:0:33,240.63
20/5/2022 17:0:33,246.11
20/5/2022 17:0:34,246.11
20/5/2022 17:0:34,246.11
20/5/2022 17:0:35,246.11
20/5/2022 17:0:35,240.63
20/5/2022 17:0:36,246.11
20/5/2022 17:0:36,246.11
20/5/2022 17:0:37,246.11
20/5/2022 17:0:37,240.63
20/5/2022 17:0:37,246.11
20/5/2022 17:0:38,240.63
20/5/2022 17:0:38,251.71
20/5/2022 17:0:39,246.11
20/5/2022 17:0:39,251.71
20/5/2022 17:0:40,251.71
20/5/2022 17:0:40,224.92
20/5/2022 17:0:41,251.71
20/5/2022 17:0:41,224.92
20/5/2022 17:0:42,279.36
20/5/2022 17:0:42,42469.67
20/5/2022 17:0:43,42469.67
20/5/2022 17:0:44,47582.08
20/5/2022 17:0:44,44445.19
20/5/2022 17:0:45,48676.17
20/5/2022 17:0:46,50940.44
20/5/2022 17:0:46,50940.44
20/5/2022 17:0:47,50940.44
20/5/2022 17:0:48,49795.46
20/5/2022 17:0:48,46512.59
20/5/2022 17:0:49,48676.17
20/5/2022 17:0:50,49795.46
20/5/2022 17:0:50,50940.44
20/5/2022 17:0:51,50940.44
20/5/2022 17:0:52,49795.46
20/5/2022 17:0:53,50940.44
20/5/2022 17:0:53,50940.44
20/5/2022 17:0:54,50940.44
20/5/2022 17:0:55,50940.44
20/5/2022 17:0:55,50940.44
20/5/2022 17:0:56,48676.17
20/5/2022 17:0:57,50940.44
20/5/2022 17:0:57,47582.08
20/5/2022 17:0:58,50940.44
20/5/2022 17:0:59,49795.46
20/5/2022 17:0:59,49795.46
20/5/2022 17:1:0,50940.44
20/5/2022 17:1:1,50940.44
20/5/2022 17:1:2,50940.44
20/5/2022 17:1:2,46512.59
20/5/2022 17:1:3,50940.44
20/5/2022 17:1:4,52111.75
20/5/2022 17:1:4,50940.44
20/5/2022 17:1:5,50940.44
20/5/2022 17:1:6,50940.44
20/5/2022 17:1:6,50940.44
20/5/2022 17:1:7,50940.44
20/5/2022 17:1:8,50940.44
20/5/2022 17:1:8,49795.46
20/5/2022 17:1:9,48676.17
20/5/2022 17:1:10,48676.17
20/5/2022 17:1:11,49795.46
20/5/2022 17:1:11,49795.46
20/5/2022 17:1:12,47582.08
20/5/2022 17:1:13,47582.08
20/5/2022 17:1:13,46512.59
20/5/2022 17:1:14,50940.44
20/5/2022 17:1:15,49795.46
20/5/2022 17:1:15,50940.44
20/5/2022 17:1:16,44445.19
20/5/2022 17:1:17,49795.46
20/5/2022 17:1:17,50940.44
20/5/2022 17:1:18,50940.44
20/5/2022 17:1:19,50940.44
20/5/2022 17:1:20,50940.44
20/5/2022 17:1:20,50940.44
20/5/2022 17:1:21,49795.46
20/5/2022 17:1:22,50940.44
20/5/2022 17:1:22,48676.17
20/5/2022 17:1:23,50940.44
20/5/2022 17:1:24,50940.44
20/5/2022 17:1:24,50940.44
20/5/2022 17:1:25,50940.44
20/5/2022 17:1:26,50940.44
20/5/2022 17:1:26,48676.17
20/5/2022 17:1:27,50940.44
20/5/2022 17:1:28,50940.44
20/5/2022 17:1:29,50940.44
20/5/2022 17:1:29,50940.44
20/5/2022 17:1:30,49795.46
20/5/2022 17:1:31,49795.46
20/5/2022 17:1:31,50940.44
20/5/2022 17:1:32,50940.44
20/5/2022 17:1:33,48676.17
20/5/2022 17:1:33,50940.44
20/5/2022 17:1:34,49795.46
20/5/2022 17:1:35,50940.44
20/5/2022 17:1:35,45467.14
20/5/2022 17:1:36,49795.46
20/5/2022 17:1:37,50940.44
20/5/2022 17:1:38,48676.17
20/5/2022 17:1:38,49795.46
20/5/2022 17:1:39,49795.46
20/5/2022 17:1:40,50940.44
20/5/2022 17:1:40,50940.44
20/5/2022 17:1:41,50940.44
20/5/2022 17:1:42,50940.44
20/5/2022 17:1:42,49795.46
20/5/2022 17:1:43,50940.44
20/5/2022 17:1:44,49795.46
20/5/2022 17:1:44,50940.44
20/5/2022 17:1:45,49795.46
20/5/2022 17:1:46,50940.44
20/5/2022 17:1:46,50940.44
20/5/2022 17:1:47,50940.44
20/5/2022 17:1:48,47582.08
20/5/2022 17:1:49,50940.44
20/5/2022 17:1:49,44445.19
20/5/2022 17:1:50,50940.44
20/5/2022 17:1:51,47582.08
20/5/2022 17:1:51,44445.19
20/5/2022 17:1:52,50940.44
20/5/2022 17:1:53,50940.44
20/5/2022 17:1:53,49795.46
20/5/2022 17:1:54,50940.44
20/5/2022 17:1:55,46512.59
20/5/2022 17:1:55,45467.14
20/5/2022 17:1:56,50940.44
20/5/2022 17:1:57,48676.17
20/5/2022 17:1:58,49795.46
20/5/2022 17:1:58,50940.44
20/5/2022 17:1:59,49795.46
20/5/2022 17:2:0,50940.44
20/5/2022 17:2:0,50940.44
20/5/2022 17:2:1,50940.44
20/5/2022 17:2:2,48676.17
20/5/2022 17:2:2,50940.44
20/5/2022 17:2:3,49795.46
20/5/2022 17:2:4,45467.14
20/5/2022 17:2:4,48676.17
20/5/2022 17:2:5,50940.44
20/5/2022 17:2:6,50940.44
20/5/2022 17:2:7,49795.46
20/5/2022 17:2:7,48676.17
20/5/2022 17:2:8,50940.44
20/5/2022 17:2:9,50940.44
20/5/2022 17:2:9,45467.14
20/5/2022 17:2:10,49795.46
20/5/2022 17:2:11,49795.46
20/5/2022 17:2:11,50940.44
20/5/2022 17:2:12,47582.08
20/5/2022 17:2:13,47582.08
20/5/2022 17:2:13,50940.44
20/5/2022 17:2:14,50940.44
20/5/2022 17:2:15,50940.44
20/5/2022 17:2:16,49795.46
20/5/2022 17:2:16,45467.14
20/5/2022 17:2:17,50940.44
20/5/2022 17:2:18,49795.46
20/5/2022 17:2:18,50940.44
20/5/2022 17:2:19,50940.44
20/5/2022 17:2:20,50940.44
20/5/2022 17:2:20,47582.08
20/5/2022 17:2:21,49795.46
20/5/2022 17:2:22,49795.46
20/5/2022 17:2:22,50940.44
20/5/2022 17:2:23,50940.44
20/5/2022 17:2:24,10558.02
20/5/2022 17:2:24,6581.18
20/5/2022 17:2:25,5137.80
20/5/2022 17:2:25,4291.17
20/5/2022 17:2:25,3426.29
20/5/2022 17:2:26,2993.46
20/5/2022 17:2:26,2615.30
20/5/2022 17:2:27,2284.92
20/5/2022 17:2:27,1996.27
20/5/2022 17:2:28,1744.09
20/5/2022 17:2:28,1392.57
20/5/2022 17:2:29,1424.27
20/5/2022 17:2:29,1301.64
20/5/2022 17:2:30,1189.57
20/5/2022 17:2:30,1062.96
20/5/2022 17:2:30,993.55
20/5/2022 17:2:31,908.01
20/5/2022 17:2:31,848.72
20/5/2022 17:2:32,758.38
20/5/2022 17:2:32,741.50
20/5/2022 17:2:33,677.66
20/5/2022 17:2:33,633.41
20/5/2022 17:2:34,592.05
20/5/2022 17:2:34,505.75
20/5/2022 17:2:34,529.04
20/5/2022 17:2:35,517.26
20/5/2022 17:2:35,483.49
20/5/2022 17:2:36,462.20
20/5/2022 17:2:36,441.86
20/5/2022 17:2:37,432.02
20/5/2022 17:2:37,403.82
20/5/2022 17:2:38,394.83
20/5/2022 17:2:38,386.04
20/5/2022 17:2:38,352.80
20/5/2022 17:2:39,352.80
20/5/2022 17:2:39,337.27
20/5/2022 17:2:40,329.77
20/5/2022 17:2:40,322.43
20/5/2022 17:2:41,301.37
20/5/2022 17:2:41,301.37
20/5/2022 17:2:42,281.70
20/5/2022 17:2:42,281.70
20/5/2022 17:2:42,281.70
20/5/2022 17:2:43,269.30
20/5/2022 17:2:43,269.30
20/5/2022 17:2:44,269.30
20/5/2022 17:2:44,263.30
20/5/2022 17:2:45,257.44
20/5/2022 17:2:45,235.28
20/5/2022 17:2:46,257.44
20/5/2022 17:2:46,235.28
20/5/2022 17:2:46,251.71
20/5/2022 17:2:47,246.11
20/5/2022 17:2:47,235.28
20/5/2022 17:2:48,240.63
20/5/2022 17:2:48,235.28
20/5/2022 17:2:49,224.92
20/5/2022 17:2:49,230.04
20/5/2022 17:2:50,224.92
20/5/2022 17:2:50,230.04
20/5/2022 17:2:51,224.92
20/5/2022 17:2:51,215.02
20/5/2022 17:2:51,224.92
20/5/2022 17:2:52,219.91
20/5/2022 17:2:52,215.02
20/5/2022 17:2:53,219.91
20/5/2022 17:2:53,219.91
20/5/2022 17:2:54,205.55
20/5/2022 17:2:54,215.02
20/5/2022 17:2:55,200.98
20/5/2022 17:2:55,215.02
20/5/2022 17:2:55,210.23
20/5/2022 17:2:56,210.23
20/5/2022 17:2:56,200.98
20/5/2022 17:2:57,205.55
20/5/2022 17:2:57,210.23
20/5/2022 17:2:58,200.98
20/5/2022 17:2:58,205.55
20/5/2022 17:2:59,205.55
20/5/2022 17:2:59,205.55
20/5/2022 17:2:59,196.51
20/5/2022 17:3:0,210.23
20/5/2022 17:3:0,205.55
20/5/2022 17:3:1,205.55
20/5/2022 17:3:1,205.55
20/5/2022 17:3:2,200.98
20/5/2022 17:3:2,205.55
20/5/2022 17:3:3,200.98
20/5/2022 17:3:3,200.98
20/5/2022 17:3:3,200.98
20/5/2022 17:3:4,205.55
20/5/2022 17:3:4,205.55
20/5/2022 17:3:5,205.55
20/5/2022 17:3:5,187.86
20/5/2022 17:3:6,200.98
20/5/2022 17:3:6,200.98
20/5/2022 17:3:7,196.51
20/5/2022 17:3:7,196.51
20/5/2022 17:3:7,187.86
20/5/2022 17:3:8,205.55
20/5/2022 17:3:8,187.86
20/5/2022 17:3:9,205.55
20/5/2022 17:3:9,200.98
20/5/2022 17:3:10,200.98
20/5/2022 17:3:10,205.55
20/5/2022 17:3:11,205.55
20/5/2022 17:3:11,210.23
20/5/2022 17:3:11,205.55
20/5/2022 17:3:12,210.23
20/5/2022 17:3:12,210.23
20/5/2022 17:3:13,196.51
20/5/2022 17:3:13,210.23
20/5/2022 17:3:14,210.23
20/5/2022 17:3:14,210.23
20/5/2022 17:3:15,200.98
20/5/2022 17:3:15,210.23
20/5/2022 17:3:16,196.51
20/5/2022 17:3:16,200.98
20/5/2022 17:3:16,215.02
20/5/2022 17:3:17,215.02
20/5/2022 17:3:17,215.02
20/5/2022 17:3:18,215.02
20/5/2022 17:3:18,205.55
20/5/2022 17:3:19,215.02
20/5/2022 17:3:19,215.02
20/5/2022 17:3:20,219.91
20/5/2022 17:3:20,215.02
20/5/2022 17:3:20,219.91
20/5/2022 17:3:21,215.02
20/5/2022 17:3:21,215.02
20/5/2022 17:3:22,200.98
20/5/2022 17:3:22,219.91
20/5/2022 17:3:23,215.02
20/5/2022 17:3:23,215.02
20/5/2022 17:3:24,219.91
20/5/2022 17:3:24,219.91
20/5/2022 17:3:24,210.23
20/5/2022 17:3:25,219.91
20/5/2022 17:3:25,219.91
20/5/2022 17:3:26,219.91
20/5/2022 17:3:26,215.02
20/5/2022 17:3:27,219.91
20/5/2022 17:3:27,215.02
20/5/2022 17:3:28,219.91
20/5/2022 17:3:28,224.92
20/5/2022 17:3:28,219.91
20/5/2022 17:3:29,224.92
20/5/2022 17:3:29,219.91
20/5/2022 17:3:30,230.04
20/5/2022 17:3:30,224.92
20/5/2022 17:3:31,230.04
20/5/2022 17:3:31,224.92
20/5/2022 17:3:32,230.04
20/5/2022 17:3:32,219.91
20/5/2022 17:3:32,230.04
20/5/2022 17:3:33,219.91
20/5/2022 17:3:33,230.04
20/5/2022 17:3:34,235.28
20/5/2022 17:3:34,235.28
20/5/2022 17:3:35,230.04
20/5/2022 17:3:35,235.28
20/5/2022 17:3:36,210.23
20/5/2022 17:3:36,235.28
20/5/2022 17:3:37,230.04
20/5/2022 17:3:37,235.28
20/5/2022 17:3:37,235.28
20/5/2022 17:3:38,240.63
20/5/2022 17:3:38,235.28
20/5/2022 17:3:39,235.28
20/5/2022 17:3:39,230.04
20/5/2022 17:3:40,210.23
20/5/2022 17:3:40,224.92
20/5/2022 17:3:41,235.28
20/5/2022 17:3:41,240.63
20/5/2022 17:3:41,230.04
20/5/2022 17:3:42,240.63
20/5/2022 17:3:42,219.91
20/5/2022 17:3:43,240.63
20/5/2022 17:3:43,240.63
20/5/2022 17:3:44,240.63
20/5/2022 17:3:44,240.63
20/5/2022 17:3:45,215.02
20/5/2022 17:3:45,240.63
20/5/2022 17:3:45,219.91
20/5/2022 17:3:46,240.63
20/5/2022 17:3:46,240.63
20/5/2022 17:3:47,240.63
20/5/2022 17:3:47,240.63
20/5/2022 17:3:48,240.63
20/5/2022 17:3:48,235.28
20/5/2022 17:3:49,246.11
20/5/2022 17:3:49,240.63
20/5/2022 17:3:49,246.11
20/5/2022 17:3:50,246.11
20/5/2022 17:3:50,246.11
20/5/2022 17:3:51,235.28
20/5/2022 17:3:51,240.63
20/5/2022 17:3:52,246.11
20/5/2022 17:3:52,246.11
20/5/2022 17:3:53,246.11
20/5/2022 17:3:53,246.11
20/5/2022 17:3:53,246.11
20/5/2022 17:3:54,246.11
20/5/2022 17:3:54,251.71
20/5/2022 17:3:55,246.11
20/5/2022 17:3:55,246.11
20/5/2022 17:3:56,230.04
20/5/2022 17:3:56,246.11
20/5/2022 17:3:57,240.63
20/5/2022 17:3:57,246.11
20/5/2022 17:3:58,246.11
20/5/2022 17:3:58,246.11
20/5/2022 17:3:58,224.92
20/5/2022 17:3:59,251.71
20/5/2022 17:3:59,230.04
20/5/2022 17:4:0,224.92
20/5/2022 17:4:0,251.71
20/5/2022 17:4:1,251.71
20/5/2022 17:4:1,235.28
20/5/2022 17:4:2,251.71
20/5/2022 17:4:2,251.71
20/5/2022 17:4:2,246.11
20/5/2022 17:4:3,251.71
20/5/2022 17:4:3,251.71
20/5/2022 17:4:4,251.71
20/5/2022 17:4:4,251.71
20/5/2022 17:4:5,257.44
20/5/2022 17:4:5,257.44
20/5/2022 17:4:6,251.71
20/5/2022 17:4:6,251.71
20/5/2022 17:4:6,240.63
20/5/2022 17:4:7,257.44
20/5/2022 17:4:7,257.44
20/5/2022 17:4:8,246.11
20/5/2022 17:4:8,257.44
20/5/2022 17:4:9,246.11
20/5/2022 17:4:9,257.44
20/5/2022 17:4:10,224.92
20/5/2022 17:4:10,257.44
20/5/2022 17:4:10,235.28
20/5/2022 17:4:11,257.44
20/5/2022 17:4:11,257.44
20/5/2022 17:4:12,251.71
20/5/2022 17:4:12,240.63
20/5/2022 17:4:13,230.04
20/5/2022 17:4:13,257.44
20/5/2022 17:4:14,257.44
20/5/2022 17:4:14,257.44
20/5/2022 17:4:15,251.71
20/5/2022 17:4:15,235.28
20/5/2022 17:4:15,257.44
20/5/2022 17:4:16,235.28
20/5/2022 17:4:16,235.28
20/5/2022 17:4:17,257.44
20/5/2022 17:4:17,257.44
20/5/2022 17:4:18,246.11
20/5/2022 17:4:18,240.63
20/5/2022 17:4:19,230.04
20/5/2022 17:4:19,230.04
20/5/2022 17:4:19,257.44
20/5/2022 17:4:20,257.44
20/5/2022 17:4:20,257.44
20/5/2022 17:4:21,251.71
20/5/2022 17:4:21,263.30
20/5/2022 17:4:22,263.30
20/5/2022 17:4:22,257.44
20/5/2022 17:4:23,257.44
20/5/2022 17:4:23,246.11
20/5/2022 17:4:23,263.30
20/5/2022 17:4:24,240.63
20/5/2022 17:4:24,235.28
20/5/2022 17:4:25,235.28
20/5/2022 17:4:25,257.44
20/5/2022 17:4:26,263.30
20/5/2022 17:4:26,263.30
20/5/2022 17:4:27,251.71
20/5/2022 17:4:27,263.30
20/5/2022 17:4:28,257.44
20/5/2022 17:4:28,257.44
20/5/2022 17:4:28,240.63
20/5/2022 17:4:29,257.44
20/5/2022 17:4:29,257.44
20/5/2022 17:4:30,263.30
20/5/2022 17:4:30,257.44
20/5/2022 17:4:31,257.44
20/5/2022 17:4:31,257.44
20/5/2022 17:4:32,257.44
20/5/2022 17:4:32,257.44
20/5/2022 17:4:32,263.30
20/5/2022 17:4:33,263.30
20/5/2022 17:4:33,263.30
20/5/2022 17:4:34,246.11
20/5/2022 17:4:34,263.30
20/5/2022 17:4:35,251.71
20/5/2022 17:4:35,263.30
20/5/2022 17:4:36,263.30
20/5/2022 17:4:36,235.28
20/5/2022 17:4:36,240.63
20/5/2022 17:4:37,263.30
20/5/2022 17:4:37,263.30
20/5/2022 17:4:38,263.30
20/5/2022 17:4:38,257.44
20/5/2022 17:4:39,263.30
20/5/2022 17:4:39,263.30
20/5/2022 17:4:40,263.30
20/5/2022 17:4:40,235.28
20/5/2022 17:4:40,263.30
20/5/2022 17:4:41,263.30
20/5/2022 17:4:41,263.30
20/5/2022 17:4:42,240.63
20/5/2022 17:4:42,246.11
20/5/2022 17:4:43,263.30
20/5/2022 17:4:43,263.30
20/5/2022 17:4:44,263.30
20/5/2022 17:4:44,263.30
20/5/2022 17:4:45,263.30
20/5/2022 17:4:45,263.30
20/5/2022 17:4:45,263.30
20/5/2022 17:4:46,263.30
20/5/2022 17:4:46,263.30
20/5/2022 17:4:47,263.30
20/5/2022 17:4:47,240.63
20/5/2022 17:4:48,269.30
20/5/2022 17:4:48,257.44
20/5/2022 17:4:49,263.30
20/5/2022 17:4:49,269.30
20/5/2022 17:4:49,269.30
20/5/2022 17:4:50,263.30
20/5/2022 17:4:50,240.63
20/5/2022 17:4:51,257.44
20/5/2022 17:4:51,240.63
20/5/2022 17:4:52,257.44
20/5/2022 17:4:52,257.44
20/5/2022 17:4:53,269.30
20/5/2022 17:4:53,263.30
20/5/2022 17:4:53,235.28
20/5/2022 17:4:54,263.30
20/5/2022 17:4:54,235.28
20/5/2022 17:4:55,251.71
20/5/2022 17:4:55,269.30
20/5/2022 17:4:56,263.30
20/5/2022 17:4:56,263.30
20/5/2022 17:4:57,263.30
20/5/2022 17:4:57,263.30
20/5/2022 17:4:57,257.44
20/5/2022 17:4:58,257.44
20/5/2022 17:4:58,263.30
20/5/2022 17:4:59,263.30
20/5/2022 17:4:59,263.30
20/5/2022 17:5:0,257.44
20/5/2022 17:5:0,269.30
20/5/2022 17:5:1,263.30
20/5/2022 17:5:1,269.30
20/5/2022 17:5:2,263.30
20/5/2022 17:5:2,263.30
20/5/2022 17:5:2,263.30
20/5/2022 17:5:3,263.30
20/5/2022 17:5:3,257.44
20/5/2022 17:5:4,246.11
20/5/2022 17:5:4,263.30
20/5/2022 17:5:5,263.30
20/5/2022 17:5:5,263.30
20/5/2022 17:5:6,263.30
20/5/2022 17:5:6,263.30
20/5/2022 17:5:6,257.44
20/5/2022 17:5:7,263.30
20/5/2022 17:5:7,257.44
20/5/2022 17:5:8,269.30
20/5/2022 17:5:8,263.30
20/5/2022 17:5:9,246.11
20/5/2022 17:5:9,230.04
20/5/2022 17:5:10,269.30
20/5/2022 17:5:10,257.44
20/5/2022 17:5:10,269.30
20/5/2022 17:5:11,263.30
20/5/2022 17:5:11,235.28
20/5/2022 17:5:12,251.71
20/5/2022 17:5:12,257.44
20/5/2022 17:5:13,263.30
20/5/2022 17:5:13,269.30
20/5/2022 17:5:14,257.44
20/5/2022 17:5:14,263.30
20/5/2022 17:5:14,263.30
20/5/2022 17:5:15,269.30
20/5/2022 17:5:15,251.71
20/5/2022 17:5:16,240.63
20/5/2022 17:5:16,263.30
20/5/2022 17:5:17,251.71
20/5/2022 17:5:17,263.30
20/5/2022 17:5:18,263.30
20/5/2022 17:5:18,263.30
20/5/2022 17:5:19,263.30
20/5/2022 17:5:19,263.30
20/5/2022 17:5:19,269.30
20/5/2022 17:5:20,257.44
20/5/2022 17:5:20,240.63
20/5/2022 17:5:21,269.30
20/5/2022 17:5:21,257.44
20/5/2022 17:5:22,263.30
20/5/2022 17:5:22,263.30
20/5/2022 17:5:23,257.44
20/5/2022 17:5:23,263.30
20/5/2022 17:5:23,263.30
20/5/2022 17:5:24,257.44
20/5/2022 17:5:24,269.30
20/5/2022 17:5:25,257.44
20/5/2022 17:5:26,269.30
20/5/2022 17:5:27,269.30
20/5/2022 17:5:28,269.30
20/5/2022 17:5:28,263.30
20/5/2022 17:5:29,240.63
20/5/2022 17:5:30,269.30
20/5/2022 17:5:31,269.30
20/5/2022 17:5:32,269.30
20/5/2022 17:5:32,257.44
20/5/2022 17:5:32,269.30
20/5/2022 17:5:33,269.30
20/5/2022 17:5:33,246.11
20/5/2022 17:5:34,269.30
20/5/2022 17:5:34,263.30
20/5/2022 17:5:35,269.30
20/5/2022 17:5:35,269.30
20/5/2022 17:5:36,269.30
20/5/2022 17:5:36,263.30
20/5/2022 17:5:36,246.11
20/5/2022 17:5:37,269.30
20/5/2022 17:5:37,269.30
20/5/2022 17:5:38,269.30
20/5/2022 17:5:38,263.30
20/5/2022 17:5:39,269.30
20/5/2022 17:5:39,299.08
20/5/2022 17:5:40,263.30
20/5/2022 17:5:40,269.30
20/5/2022 17:5:41,269.30
20/5/2022 17:5:41,269.30
20/5/2022 17:5:41,269.30
20/5/2022 17:5:42,269.30
20/5/2022 17:5:43,263.30
20/5/2022 17:5:44,269.30
20/5/2022 17:5:44,269.30
20/5/2022 17:5:45,269.30
20/5/2022 17:5:45,257.44
20/5/2022 17:5:46,257.44
20/5/2022 17:5:46,269.30
20/5/2022 17:5:47,263.30
20/5/2022 17:5:47,240.63
20/5/2022 17:5:48,269.30
20/5/2022 17:5:48,269.30
20/5/2022 17:5:49,269.30
20/5/2022 17:5:50,257.44
20/5/2022 17:5:50,240.63
20/5/2022 17:5:51,240.63
20/5/2022 17:5:51,269.30
20/5/2022 17:5:52,269.30
20/5/2022 17:5:52,269.30
20/5/2022 17:5:52,269.30
20/5/2022 17:5:53,263.30
20/5/2022 17:5:53,269.30
20/5/2022 17:5:54,269.30
20/5/2022 17:5:55,251.71
20/5/2022 17:5:56,269.30
20/5/2022 17:5:56,269.30
20/5/2022 17:5:57,246.11
20/5/2022 17:5:57,269.30
20/5/2022 17:5:58,269.30
20/5/2022 17:5:58,285.78
20/5/2022 17:5:59,299.08
20/5/2022 17:6:0,266.94
20/5/2022 17:6:0,299.08
20/5/2022 17:6:1,299.08
20/5/2022 17:6:2,299.08
20/5/2022 17:6:2,305.95
20/5/2022 17:6:3,299.08
20/5/2022 17:6:4,257.44
20/5/2022 17:6:4,269.30
20/5/2022 17:6:5,275.43
20/5/2022 17:6:5,269.30
20/5/2022 17:6:6,269.30
20/5/2022 17:6:6,269.30
20/5/2022 17:6:6,269.30
20/5/2022 17:6:7,263.30
20/5/2022 17:6:7,269.30
20/5/2022 17:6:8,263.30
20/5/2022 17:6:8,246.11
20/5/2022 17:6:9,275.43
20/5/2022 17:6:9,269.30
20/5/2022 17:6:10,251.71
20/5/2022 17:6:10,269.30
20/5/2022 17:6:10,269.30
20/5/2022 17:6:11,269.30
20/5/2022 17:6:11,263.30
20/5/2022 17:6:12,269.30
20/5/2022 17:6:12,269.30
